post_id,post_date,is_published,email_sent_at,inbox_sent_at,type,audience,title,subtitle,podcast_url
160259353.this-is-a-test-header,2025-03-31T13:50:52.492Z,true,2025-03-31T13:50:52.550Z,2025-03-31T13:50:52.550Z,newsletter,everyone,This is a Test Header,And Test subtitle,
159934930.my-first-post-on-substack,2025-03-26T18:50:11.620Z,true,,,newsletter,everyone,My first post on Substack,My personal mission is to undermine Substack and move it all to XXX.,
159934843.coming-soon,2025-03-26T18:45:03.578Z,true,2025-03-26T18:45:03.578Z,2025-03-26T18:45:03.578Z,newsletter,everyone,Coming soon,,
159934842.how-to-use-the-substack-editor,,false,,,newsletter,everyone,,,
