post_id,post_date,is_published,email_sent_at,inbox_sent_at,type,audience,title,subtitle,podcast_url
160580187.hello-again-world,2025-04-04T14:06:46.712Z,true,,,newsletter,everyone,"Hello again, world!",This is a post with three images.,
160579677.hello-world-56a,2025-04-04T13:57:30.454Z,true,,,newsletter,everyone,"Hello, world!",This is a post with a picture.,
160246769.hello-world,2025-03-31T10:27:21.360Z,true,,,newsletter,everyone,"Hello, world!",,
159935619.how-to-use-the-substack-editor,,false,,,newsletter,everyone,,,
